Val Avg. Prec,Val Avg. F1,Time Train,Train Acc
0.7325,0.731625175997142,0.019021272659301758,0.7325
0.7325,0.731625175997142,0.019021272659301758,0.7325
